date_of_post,Comment,sentiment
2023-09-27,ğŸ’™ğŸ’–,Positive
2023-09-27,â¤ï¸,Positive
2023-09-27,ğŸ’–,Positive
2023-09-27,ğŸ˜â¤ï¸ğŸ˜â¤ï¸ che amori,Positive
2023-09-27,Sono due teneroniğŸ˜ğŸ˜,Positive
2023-09-27,ğŸ’“,Positive
2023-09-27,darjen_giuse ...ma poi la fortuna li assiste e non riescono a imitarli,Negative
2023-09-27,Que tierno los dos me encanta chicos cuÃ­dense uno a otros ğŸ«¶ğŸ™âœ¨ğŸ€ğŸŒ¸ğŸ’‹â™¥ï¸ğŸŒ¹ğŸŒ¹ğŸ’ğŸ’«ğŸ‘ğŸ«¶ğŸ‘ğŸ‘ğŸ‘ğŸ‘ğŸ‡¦ğŸ‡·ğŸ‡¦ğŸ‡·ğŸ‡¦ğŸ‡·ğŸ‡¦ğŸ‡·ğŸ‡¦ğŸ‡·ğŸ•ŠğŸ•ŠğŸ•ŠğŸ•Š,Positive
2023-09-27,Dai famiglia ....dai !!! ğŸ˜,Positive
2023-09-27,"Che amore questi due bimbi, coccolosi e coccolati. L' importanza del bene che date lo trasmettete a loro. Braviâ¤ï¸",Positive
2023-09-27,â¤ï¸,Positive
2023-09-27,ğŸ˜,Positive
2023-09-27,ğŸ˜,Positive
2023-09-27,Ma che belli che donoğŸ‘ğŸ‘ğŸ‘â¤ï¸â¤ï¸â¤ï¸â¤ï¸,Positive
2023-09-27,â¤ï¸,Positive
2023-09-27,ğŸ˜,Positive
2023-09-27,â¤ï¸,Positive
2023-09-27,â¤ï¸â¤ï¸â¤ï¸,Positive
2023-09-27,â¤ï¸,Positive
2023-09-27,Bellissimi â¤ï¸,Positive
2023-09-27,â¤ï¸â¤ï¸â¤ï¸,Positive
2023-09-27,â¤ï¸â¤ï¸,Positive
2023-09-27,"La mia stessa scuolağŸ¥¹ğŸ¥¹ aveva un altro nome l'istituto.....che emozione rivedere le ""colonne'. Un posto felice bimbi belliâ¤ï¸â¤ï¸â¤ï¸â¤ï¸â¤ï¸",Positive
2023-09-27,Forza  chiaraâ¤ï¸ğŸ€,Positive
2023-09-27,darjen_giuse non hai capito il mio commento. I fortunati sono chi non riesce a imitare queste nullit* che voi esaltate tanto,Negative
2023-09-27,"Meraviglia, un abbraccio forte e auguri di pronta guarigione a Federico â¤ï¸",Positive
2023-09-27,darjen_giuse in realtÃ  non dovresti giustificarti. Ognuno esprime la propria opinione condivisibile o meno. Ho trovato esagerato dire che ci sia qualcuno che voglia imitare il nulla piÃ¹ assoluto,Neutral
2023-09-27,Bimbi belli ğŸ’,Positive
2023-09-27,ğŸ˜,Positive
2023-09-27,Ma che belli.!!!,Positive
2023-09-27,ğŸ˜¢ğŸ˜¢ğŸ˜¢ğŸ˜¢ğŸ˜¢ğŸ˜¢ğŸ˜¢ğŸ˜¢ğŸ˜¢ğŸ˜¢ğŸ˜¢ğŸ˜¢ğŸ˜¢ğŸ˜¢ğŸ˜¢ğŸ˜¢ğŸ˜¢ğŸ˜¢ğŸ˜¢ğŸ˜¢ğŸ˜¢ğŸ˜¢ğŸ˜¢ğŸ˜¢ğŸ˜¢ğŸ˜¢ğŸ˜¢,Negative
2023-09-27,ğŸ˜¢ğŸ˜¢ğŸ˜¢ğŸ˜¢ğŸ˜¢ğŸ˜¢ğŸ˜¢ğŸ˜¢ğŸ˜¢ğŸ˜¢ğŸ˜¢ğŸ˜¢ğŸ˜¢ğŸ˜¢ğŸ˜¢ğŸ˜¢ğŸ˜¢ğŸ˜¢ğŸ˜¢ğŸ˜¢ğŸ˜¢ğŸ˜¢ğŸ˜¢ğŸ˜¢ğŸ˜¢ğŸ˜¢ğŸ˜¢ğŸ˜¢ğŸ˜¢ğŸ˜¢ğŸ˜¢ğŸ˜¢ğŸ˜¢ğŸ˜¢ğŸ˜¢ğŸ˜¢ğŸ˜¢ğŸ˜¢ğŸ˜¢,Negative
2023-09-27,ğŸ˜ğŸ˜ğŸ˜ğŸ˜ğŸ˜ğŸ˜â¤ï¸â¤ï¸â¤ï¸â¤ï¸,Positive
2023-09-27,â¤ï¸,Positive
2023-09-27,â¤ï¸â¤ï¸â¤ï¸â¤ï¸â¤ï¸â¤ï¸,Positive
2023-09-27,What are beautiful picture â¤ï¸â¤ï¸â¤ï¸,Positive
2023-09-27,Che teneriğŸ˜ğŸ˜ğŸ˜â¤â¤ğŸ¤—,Positive
2023-09-27,Ovviamente Ã¨ una scuola extralusso,Neutral
2023-09-27,â¤ï¸â¤ï¸â¤ï¸â¤ï¸â¤ï¸â¤ï¸â¤ï¸â¤ï¸â¤ï¸â¤ï¸â¤ï¸â¤ï¸,Positive
2023-09-27,â¤ï¸,Positive
2023-09-27,â¤ï¸â¤ï¸â¤ï¸,Positive
2023-09-27,Che tesori teneriğŸ’–ğŸ’™,Positive
2023-09-27,â¤ï¸,Positive
2023-09-27,Leo es un niÃ±o especial â¤ï¸,Positive
2023-09-27,Belli piccolini. ğŸ‘ğŸ‘ğŸ‘ğŸ‘â¤ï¸â¤ï¸,Positive
2023-09-27,i miei bambini preferiti â¤ï¸,Positive
2023-09-27,â¤ï¸â¤ï¸,Positive
2023-09-27,â¤ï¸â¤ï¸,Positive
2023-09-27,ğŸ‘,Positive
2023-09-27,â¤ï¸â¤ï¸â¤ï¸,Positive
2023-09-27,Preciosossss,Positive
2023-09-27,â¤ï¸â¤ï¸â¤ï¸,Positive
2023-09-27,"Amore la Vitto tutta punta dalle zanzare, ciccina. ğŸ˜",Positive
2023-09-27,E una bella famiglia,Positive
2023-09-27,ğŸ˜,Positive
2023-09-27,â¤ï¸â¤ï¸,Positive
2023-09-27,â¤ï¸â¤ï¸â¤ï¸,Positive
2023-09-27,ğŸ™Œâ¤ï¸,Positive
2023-09-27,â¤ï¸,Positive
2023-09-27,Hello,Positive
2023-09-27,buona scuola a tutti i bimbi del mondo!,Positive
2023-09-27,TenÃ©s dos tesoros de hijos!!!ğŸ’–ğŸ’–ğŸ’–ğŸ’–,Positive
2023-09-27,Che amoriğŸ˜,Positive
2023-09-27,â¤ï¸â¤ï¸â¤ï¸â¤ï¸,Positive
2023-09-27,Bellissimi ğŸ˜,Positive
2023-09-27,â¤ï¸â¤ï¸â¤ï¸â¤ï¸,Positive
2023-09-27,ğŸ˜ğŸ˜ğŸ˜,Positive
2023-09-27,ğŸ˜‚ğŸ˜‚,Positive
2023-09-27,Siete bellissimi â¤ï¸â¤ï¸,Positive
2023-09-27,"Che tenerezza, sono dolcissimi... un abbraccio a tutti voi â¤ï¸",Positive
2023-09-27,ğŸ˜ğŸ˜â¤ï¸,Positive
2023-09-27,Bellissimiiâ¤ï¸â¤ï¸â¤ï¸,Positive
2023-09-27,ğŸ¥°ğŸ¥°ğŸ¥°ğŸ¥°,Positive
2023-09-27,Bellissimiâ¤ï¸â¤ï¸â¤ï¸,Positive
2023-09-27,"Si ma accannatevi ,si puÃ² rispondere con educazione:)",Positive
2023-09-27,Se i bimbi sono meraviglioso Ã¨ perchÃ© i genitori non sono da meno. â¤ï¸,Positive
2023-09-27,â¤ï¸â¤ï¸,Positive
2023-09-27,â¤ï¸â¤ï¸â¤ï¸,Positive
2023-09-27,â¤ï¸â¤ï¸,Positive
2023-09-27,ğŸ˜ğŸ˜ğŸ˜,Positive
2023-09-27,â¤ï¸,Positive
2023-09-27,Che belli che sono completamente ai genitori â¤ï¸,Positive
2023-09-27,Che tenerini,Positive
2023-10-25,Ragazzi mi piaceteâ¤ï¸â¤ï¸â¤ï¸â¤ï¸,Positive
2023-10-25,,Positive
2023-10-25,Have a great day,Positive
2023-10-25,Ee basta mostrarvi si sei una bella ghocca basta!!,Negative
2023-10-25,â¤ï¸â¤ï¸,Positive
2023-10-25,Look bellissimo Chiara â¤ï¸,Positive
2023-10-25,ğŸ˜ foto 1 bellissime ğŸ˜,Positive
2023-10-25,å¯æ„›ã­,Positive
2023-10-25,Complimenti alla super coppia ğŸ˜,Positive
2023-10-25,Muerooo! ğŸ˜â¤ï¸,Positive
2023-10-25,Belli â¤ï¸â¤ï¸â¤ï¸â¤ï¸,Positive
2023-10-25,Che bello l'albero genealogico con fotogragie e scritto in inglese ğŸ‘,Positive
2023-10-25,â¤ï¸â¤ï¸â¤ï¸â¤ï¸â¤ï¸â¤ï¸â¤ï¸â¤ï¸,Positive
2023-10-25,â¤ï¸â¤ï¸â¤ï¸â¤ï¸â¤ï¸,Positive
2023-10-25,ğŸ¤ğŸ¤ğŸ¤,Positive
2023-10-25,â¤ï¸,Positive
2023-10-25,Semplicemente  meravigliose,Positive
2023-10-25,â¤ï¸â¤ï¸â¤ï¸â¤ï¸â¤ï¸,Positive
2023-10-25,ğŸ˜ğŸ˜ğŸ˜ğŸ˜,Positive
2023-10-25,Belle ...che gioia vedervi ridere,Positive
2023-10-25,ğŸ˜,Positive
2023-10-25,â¤ï¸,Positive
2023-10-25,â¤ï¸â¤ï¸â¤ï¸,Positive
2023-10-25,Top !..â¤ï¸ğŸ‘ğŸ‘ğŸ‘,Positive
2023-10-25,Fedez pare dimagritoğŸ˜¢ spero si possa riprendere al meglio ğŸ¤ğŸ¼,Neutral
2023-10-25,"Free Israeli children from HamasğŸ‡®ğŸ‡±ğŸ‡®ğŸ‡±ğŸ‡®ğŸ‡±ğŸ‡±ğŸ‡·ğŸ‡±ğŸ‡·ğŸ‡±ğŸ‡· Hamas took little baby from her mothers to Gaza ,",Negative
2023-10-25,â¤ï¸â¤ï¸â¤ï¸â¤ï¸,Positive
2023-10-25,Sarebbe interessante sapere chi ha scelto le foto!,Neutral
2023-10-25,"Bella, famiglia, bellissima coppia!! Ragazzi avanti tutta cosÃ¬!! BraviğŸ‘",Positive
2023-10-25,La 5 Ã¨ una delle piÃ¹ belle foto di sempre â¤ï¸,Positive
2023-10-25,Che bello l'albero genealogico di Leo!!!â¤ï¸,Positive
2023-10-25,"Tu Federico sei assolutamente carino, ma Chiara Ã¨ super-issima",Neutral
2023-10-25,Bravissimo LeoncinoğŸ¦â¤ï¸,Positive
2023-10-25,Buona serata,Positive
2023-10-25,ğŸ«¶â¤ï¸â¤ï¸â¤ï¸â¤ï¸,Positive
2023-10-25,Demand for ceasefire on PalestinÆ ğŸ‡µğŸ‡¸ğŸ‡µğŸ‡¸ğŸ‡µğŸ‡¸ğŸ‡µğŸ‡¸,Positive
2023-10-25,No vabbeh ma la Vitto nella prima foto? ğŸ˜ğŸ˜ğŸ˜,Positive
2023-10-25,Risulta anche a me che Ã¨ figlio unico,Positive
2023-10-25,Come sta Fedez?,Neutral
2023-10-25,"Ciao Chiara, ci piacerebbe moltissimo regalare a Vittoria e Leone degli UTO BOX! Come possiamo spedirveli?",Positive
2023-10-25,ğŸ˜,Positive
2023-10-25,ğŸ˜,Positive
2023-10-25,â¤ï¸,Positive
2023-10-25,Che belle ragazze!,Positive
2023-10-25,So cuteğŸ˜ğŸ”¥,Positive
2023-10-25,Supporting people without intelligence that all they write is incitement to murder. ignorant,Negative
2023-10-25,ğŸ‡µğŸ‡¸ğŸ‡µğŸ‡¸ğŸ‡µğŸ‡¸,Positive
2023-10-25,Hermosas â¤ï¸â¤ï¸,Positive
2023-10-25,#starlinkforgaza #ceasefirenow,Positive
2023-10-25,Sei una splendida mamma â™¥ï¸â™¥ï¸â™¥ï¸â™¥ï¸â™¥ï¸,Positive
2023-10-25,famiglia molto feliceğŸ˜ğŸ˜,Positive
2023-10-25,Love?!.,Positive
2023-10-25,"Bellissimo disegno ğŸ˜» Magari la foto della Ferragni poteva essere quella senza trucco e in cui non fosse sul Red carpet semplicemente la foto di ""mamma""",Neutral
2023-10-25,"Chiara, hai una bella famigliaâ¤ï¸â¤ï¸â¤ï¸â¤ï¸alla faccia degli invidiosiâ¤ï¸â¤ï¸â¤ï¸",Positive
2023-10-25,â¤ï¸â¤ï¸â¤ï¸â¤ï¸â¤ï¸â¤ï¸ que lindas!,Positive
2023-10-25,"Ciao Chiara e Fede,, mi chiamo Marianna e sono la proprietaria di Iris, una meravigliosa pinscher di 10 anni alla quale hanno diagnosticato un meningioma. Tale tumore va asportato chirurgicamente, altrimenti le aspettative di vita sono di due mesi. Ho creato una raccolta fondi ed ho allegato anche referto della risonanza magnetica (effettuata lo scorso 19/10) con nome della clinica e mie generalitÃ  per evitare dubbi e sciacallaggi vari. Ti lascio il link e ti ringrazio di cuore se vorrai condividerlo affinchÃ© la mia Iris possa restare con noi ancora un pÃ². Veramente basta anche solo 1 euro se a donare si Ã¨ in tanti. Grazie infinite. Marianna.  https://gofund.me/eebddc24",Positive
2023-10-25,che carino lâ€™albero genealogico in inglese ğŸ¥º,Positive
2023-10-25,â¤ï¸â¤ï¸ğŸ‘ğŸ‘,Positive
2023-10-25,ğŸ‡®ğŸ‡±ğŸ‡®ğŸ‡±ğŸ‡®ğŸ‡±ğŸ‡®ğŸ‡±ğŸ‡®ğŸ‡±ğŸ‡®ğŸ‡±ğŸ‡®ğŸ‡±ğŸ‡®ğŸ‡±ğŸ‡®ğŸ‡±ğŸ‡®ğŸ‡±ğŸ‡®ğŸ‡±ğŸ‡®ğŸ‡±ğŸ‡®ğŸ‡±ğŸ‡®ğŸ‡±ğŸ‡®ğŸ‡±,Neutral
2023-10-25,Siete bellissime,Positive
2023-10-25,Bellissimi,Positive
2023-10-25,ğŸ˜ğŸ˜ğŸ˜ğŸ˜ğŸ˜ğŸ˜ğŸ˜ğŸ˜ğŸ˜,Positive
2023-10-25,ğŸ˜ğŸ‘ğŸ˜,Positive
2023-10-25,×¢× ×™×©×¨××œ ×—×™ ğŸ’™ ğŸ¤ğŸ”¯ğŸ”¯,Positive
2023-10-25,Ø®Ø¯Ø§ Ø­ÙØ¸Ø´ÙˆÙ† Ú©Ù†Ù‡ Ø¢Ù…ÛŒÙ†,Positive
2023-10-25,Beautiful baby you have there,Positive
2023-10-25,"Bellissime, il giubbotto di Vittoria che brand Ã¨?",Positive
2023-10-25,vezi poate ai treaba prin franta,Positive
2023-10-25,Ciao Chiara siete bellissimi,Positive
2023-10-25,ğŸ¤¢,Negative
2023-10-25,Nella settima foto la tua espressione del viso Ã¨ uno splendore!!ğŸ˜ğŸ˜â¤ï¸â¤ï¸ğŸ”¥ğŸ”¥,Positive
2023-10-25,â¤ï¸â¤ï¸,Positive
2023-10-25,Family treeğŸ¥°ğŸ¥°,Positive
2023-10-25,Quanto siete belle ğŸ˜,Positive
2023-10-25,Singing in the rain,Positive
2023-10-25,Bellissimeâ¤ï¸,Positive
2023-10-25,Che cappotti bellissimi ğŸ˜,Positive
2023-10-25,ğŸŒºğŸ˜ğŸ˜ğŸŒºğŸ‘ŒğŸ¼ğŸ“¸beautiful,Positive
2023-10-25,Splendida  famiglia ğŸ˜,Positive
2023-10-25,Lovely family ğŸ’•,Positive
2023-11-18,â¤ï¸â¤ï¸â¤ï¸â¤ï¸â¤ï¸,Positive
2023-11-18,ğŸ©µğŸ©µğŸ©µ,Positive
2023-11-18,â¤ï¸â¤ï¸â¤ï¸â¤ï¸,Positive
2023-11-18,ğŸ˜‚ğŸ˜‚ğŸ˜‚ğŸ˜‚,Positive
2023-11-18,"Oh dio, mi piace la 7 foto ğŸ˜",Positive
2023-11-18,â¤ï¸,Positive
2023-11-18,ğŸ˜ğŸ˜,Positive
2023-11-18,Helal kÄ±z sana,Positive
2023-11-18,My God !!!!â¤ï¸â¤ï¸â¤ï¸,Positive
2023-11-18,Magnifico il rossetto della foto n.7!,Positive
2023-11-18,â¤ï¸â¤ï¸â¤ï¸â¤ï¸â¤ï¸â¤ï¸â¤ï¸â¤ï¸â¤ï¸,Positive
2023-11-18,"Deve essere orrendo stare sempre sotto i riflettori, vestiti per fare pubblicitÃ , certo Ã¨ una scelta, ma a quante rinunce ti porta questa scelta, stare coi figli senza metterti in posa, io mi sono trovata anni fa a fare una scelta non ho avuto dubbi, Ã¨ stato faticoso,ma vuoi mettere vedere crescere i tuoi figli senza essere obbligata ad essere sempre perfetta:)",Negative
2023-11-18,Cute but not proper English.,Positive
2023-11-18,â¤ï¸,Positive
2023-11-18,"Brutta bestia,la gelosia ğŸ”¥ğŸ”¥",Negative
2023-11-18,â¤ï¸â¤ï¸â¤ï¸â¤ï¸â¤ï¸â¤ï¸â¤ï¸â¤ï¸â¤ï¸â¤ï¸â¤ï¸â¤ï¸â¤ï¸â¤ï¸â¤ï¸â¤ï¸â¤ï¸â¤ï¸,Positive
2023-11-18,Il giardino  d?,Positive
2023-11-18,BeautifulğŸ’ğŸ’ğŸ’ğŸ’ğŸ’ğŸ’,Positive
2023-11-18,Siete meravigliosi â¤ï¸â¤ï¸â¤ï¸â¤ï¸â¤ï¸,Positive
2023-11-18,ğŸ˜œ,Neutral
2023-11-18,I biondi piÃ¹ belli ğŸ˜ğŸ˜ğŸ˜ğŸ˜,Positive
2023-11-18,â¤ï¸â¤ï¸â¤ï¸â¤ï¸â¤ï¸â¤ï¸â¤ï¸,Positive
2023-11-18,â¤ï¸,Positive
2023-11-18,"Bella famiglia, ciao",Positive
2023-11-18,â¤ï¸â¤ï¸â¤ï¸â¤ï¸â¤ï¸,Positive
2023-11-18,â¤ï¸â¤ï¸â¤ï¸â¤ï¸â¤ï¸ğŸ˜ğŸ˜ğŸ˜ğŸ˜,Positive
2023-11-18,L invidia Ã¨ una brutta bestia,Negative
2023-11-18,Beatiful,Positive
2023-11-18,E lei mangia  troppo carina ğŸ˜ğŸ˜ğŸ˜ğŸ˜ğŸ˜ğŸ˜,Positive
2023-11-18,ğŸ˜ğŸ˜beautiful,Positive
2023-11-18,Leone ormai sa l'inglese giÃ  meglio di me,Positive
2023-11-18,"dato il potere mediatico che ha/dovrebbe avere/sostiene di avere, mi sarei aspettata una parolina per Giulia, mentre tutta la Nazione segue questa vicenda, Lei fa finta di niente. Non ho apprezzato. non bombardatemi per favore.",Negative
2023-11-18,â¤ï¸â¤ï¸â¤ï¸,Positive
2023-11-18,"Sempre piÃ¹ botulino, fra un po le scoppia il viso",Negative
2023-11-18,ğŸ˜ğŸ˜ğŸ˜ğŸ˜,Positive
2023-11-18,Tutta invidia,Negative
2023-11-18,â¤ï¸,Positive
2023-11-18,Wow,Positive
2023-11-18,â¤ï¸â¤ï¸â¤ï¸â¤ï¸,Positive
2023-11-18,ğŸ˜ğŸ˜ğŸ˜â¤ï¸â¤ï¸â¤ï¸,Positive
2023-11-18,Siete bellissimiiiiiiiiiiiiiiiiiiiiiiii,Positive
2023-11-18,Che belli che siete,Positive
2023-11-18,ğŸ˜ƒâœŒâœŒ,Positive
2023-11-18,â¤â¤â¤â¤â¤,Positive
2023-11-18,siete MERAVIGLIOSI â¤ï¸ğŸ™Œ,Positive
2023-11-18,â¤ï¸,Positive
2023-11-18,La vitto maravillosa ğŸ˜â¤ï¸â¤ï¸â¤ï¸,Positive
2023-11-18,"Wow ,meravigliosiâ¤ï¸â¤ï¸â¤ï¸",Positive
2023-11-18,Come tt le famiglie anche loro vanno al circolo. Voi criticate sempre e comunque,Negative
2023-11-18,Bby â™¥ï¸ğŸ¤²,Positive
2023-11-18,Non lo hai capito che questo Ã¨ lavoro e che le sorti della Palestina non dipendono da lei????,Negative
2023-11-18,Penso proprio sappia fare solo quello...,Positive
2023-11-18,"Adoro Vito, sempre che mangia ğŸ˜‚â¤ï¸",Positive
2023-11-18,che belliiiii,Positive
2023-11-18,Tantissimi auguri,Positive
2023-11-18,ğŸ‘ğŸ‘ğŸ‘Awesome,Positive
2023-11-18,Che meravigliağŸ˜,Positive
2023-11-18,Ğ°Ğ°Ğ¿ Ğ±Ğ°Ñ…ÑƒÑ‚ Ğ°Ñ‡Ñ‹ Ñ…Ğ¾,Negative
2023-11-18,â¤ï¸â¤ï¸â¤ï¸,Positive
2023-11-18,ğŸ¤®,Negative
2023-11-18,â¤ï¸,Positive
2023-11-18,â¤ï¸,Positive
2023-12-06,ğŸ˜‚ğŸ˜‚ğŸ˜‚ğŸ˜‚ğŸ˜‚ğŸ˜‚il babbo natale che ğŸ¤£ adora la vitto,Positive
2023-12-06,Bellissimi â¤ï¸â¤ï¸â¤ï¸Leo e vitto,Positive
2023-12-06,Evil Child ğŸ˜‚,Negative
2023-12-06,La gioia di vittoria?????? Che emozione ğŸ’,Positive
2023-12-06,Ma Ã© franco dei duraccel?,Positive
2023-12-06,La felicitÃ  dei bambini Ã¨ una cosa meravigliosa ğŸ˜ğŸ˜siete stupendi â¤ï¸,Positive
2023-12-06,â¤ï¸â¤ï¸â¤ï¸â¤ï¸,Positive
2023-12-06,ğŸ˜ğŸ˜ğŸ˜ğŸ˜ğŸ˜ğŸ˜ğŸ˜,Positive
2023-12-06,Mi sa che Ã¨ veramente lui!!! ğŸ˜‚ğŸ˜‚ğŸ˜‚,Positive
2023-12-06,"â¤ï¸â¤ï¸ Leo mi troppo ridere, con quella faccina da furbetto secondo me non se la beve ğŸ¤£ğŸ¤£",Positive
2023-12-06,"Questa volta fedez ha rinunciato, la volta scorsa Leone lâ€™aveva sgamato troppo presto. ğŸ¤£",Neutral
2023-12-06,ğŸ˜ğŸ˜ğŸ˜,Positive
2023-12-06,Guarda Lei! Che trapolina ğŸŒ¸,Positive
2023-12-06,Bravissima condivido il tuo pensiero,Positive
2023-12-06,"non Ã¨ questo il questione ! ma il fatto che il babbo natale Ã¨ un personaggio misterioso chi teoricamente agisce nascosto senza farsi vedere â€¦ si incontrava al massimo negli centri commerciali- a disposizione appunto a tutti i bambini un po come in USA, ma tutti i bambini avevano la possibilitÃ  di â€œraggiungerlo â€œ volendo ! Ma come si sentino i altri bambini vedendo questi immagini ?! porgono la domanda all istante - perchÃ¨ a casa si Vitto viene personalmente il babbo natale ? pure si fa vedere e toccare ?! perche a casa mia non mi viene ? insomma dai il babbo natale non fa visite in casa dai ricci ! invece â€¦. secondo la Ferragnez Si ! â€¦non Ã¨ invidia questa ! ma stanno esagerando",Negative
2023-12-06,â¤ï¸â¤ï¸â¤ï¸â¤ï¸,Positive
2023-12-06,In Germania per esempio câ€™Ã¨ San Nicola â€œNikolausâ€ che porta piccoli doni ai bambini,Positive
2023-12-06,Che meraviglia! â¤ï¸,Positive
2023-12-06,Brava!!!! Hai perfettamente ragione ğŸ‘ğŸ‘ğŸ‘ğŸ‘,Positive
2023-12-06,Grazie a Dio non soffro di invidia anzi sono molto contenta che dei bimbi abbiano potuto volare sulle ali della fantasia â¤ï¸â¤ï¸â¤ï¸,Positive
2023-12-06,Ma voi siete fuori babbo natale lo trovi ovunque anche adesso..io ho fatto la foto la settimana scorsa con il bambino siete solo tristemente invidiosi e basta,Negative
2023-12-06,Troppi belli leone e vittoriağŸ˜â¤ï¸,Positive
2023-12-06,â¤ï¸â¤ï¸,Positive
2023-12-06,Vitto is a radiance of positivity and hapiness. God bless both your children,Positive
2023-12-06,Che belli â¤ï¸â¤ï¸,Positive
2023-12-06,Belissimiâ¤ï¸ complimenti Fedez e chiara,Positive
2023-12-06,â¤ï¸â¤ï¸â¤ï¸â¤ï¸â¤ï¸â¤ï¸â¤ï¸â¤ï¸â¤ï¸â¤ï¸,Positive
2023-12-06,Che belli questi bimbiğŸ”¥ğŸ”¥ğŸ”¥,Positive
2023-12-06,Che ne sai che sono povera,Negative
2023-12-06,Splendidi ğŸ‘ğŸ‘ğŸ‘ğŸ‘ğŸ‘ğŸ…ğŸ¤¶,Positive
2023-12-06,A voi santa vi spiccia casağŸ˜‚ğŸ˜‚ğŸ˜‚ğŸ˜‚ğŸ˜‚,Negative
2023-12-06,"L'albero a ottobre, babbo natale il 6 dicembre........ dopodomani festeggiate il Ferragosto?",Neutral
2023-12-06,ğŸ¥¹â¤ï¸ğŸ…ğŸ» per loro deve essere bellissimo..!,Positive
2023-12-06,Babbo Natale Ã© Babbo Natale.... e San NicolÃ² Ã© un altra cosa.... fra poco arriva il coniglio di Pasqua a Capodanno,Positive
2023-12-06,vitto ğŸ˜­ğŸ¥¹ğŸ¥º,Positive
2023-12-06,infatti dipende sempre da cosa loro hanno detto ai bambiniâ€¦,Neutral
2023-12-06,How much was it,Positive
2023-12-06,Oddio ma pensavo che babbo Natale fosse una favola ğŸ˜¯ ma esiste per davvero ğŸ˜ğŸ¥°â™¥ï¸,Positive
2023-12-06,,Positive
2023-12-06,,Positive
2023-12-06,La Vitto sempre piÃ¹ simpatica e coccolonaâ¤ï¸â¤ï¸â¤ï¸â¤ï¸,Positive
2023-12-06,Condivido pienamente il 3pensiero â¤ï¸l'invidia Ã¨ il male di questo pianeta,Negative
2023-12-06,â¤ï¸â¤ï¸â¤ï¸â¤ï¸,Positive
2023-12-06,Un poâ€™ in anticipo perÃ²â€¦,Neutral
2023-12-06,"Natale Ã¨ una festivitÃ  cristiana che celebra la nascita di GesÃ¹â€¦  loro non sono cristiani, ma incoerenti!",Negative
2023-12-06,"Ho dovuto fare una foto allâ€™etÃ  di Vittoria piangendo come una matta per la paura. Lei Ã¨ supersonica e io la adoro, tua figlia â¤ï¸",Positive
2023-12-06,â£ï¸â£ï¸â£ï¸â£ï¸â£ï¸,Positive
2023-12-06,Certo che l'invidia assurdo la cattiveria che vedo,Negative
2023-12-06,"La VITTO, troppo felice con il suo mito BABBO NATALEğŸ˜‚ğŸ˜â¤ï¸",Positive
2023-12-06,ğŸ˜ğŸ˜ğŸ˜ğŸ˜ğŸ˜,Positive
2023-12-06,MeravigliosI ğŸ˜,Positive
2023-12-06,â¤ï¸â¤ï¸â¤ï¸â¤ï¸,Positive
2023-12-06,"giax.photography Buon Natale Fedex Mio figlio quest'anno mi ha fatto un regalo inaspettato: mi ha fatto ascoltare la sua prima canzone da solista che ha pubblicato su Spottify e mi ha fatto emozionare con le parole della canzone che sono un inno alla vita che siamo noi perchÃ©' tutto e' nella nostra testa.
Canzone ""nella testa"" by ""forza"". https://
open.spotify.com/track/
2blop6U7YiajVZtZOellyn?
si=n1kOhR2VQHqCHIftOgP_Qg",Positive
2023-12-06,Buone feste ğŸ˜,Positive
2023-12-06,â¤ï¸â¤ï¸â¤ï¸â¤ï¸â¤ï¸â¤ï¸â¤ï¸â¤ï¸â¤ï¸â¤ï¸â¤ï¸â¤ï¸,Positive
2023-12-06,ğŸŒ ğŸ’¯ğŸ„ğŸŒŸğŸ…,Positive
2023-12-14,Meravigliosa,Positive
2023-12-14,Quanta cattiveria in questi commenti! ğŸ˜“ Quanto puÃ² arrivare in basso lâ€™essere umano ğŸ˜ Cosa non fa lâ€™invidia e lâ€™odio ?! ğŸ™,Negative
2023-12-14,Trova uno sponsor,Positive
2023-12-14,Ti manca solo la foto di tua figlia che fa' la cacca ğŸ’© pagata con un cache ..enorme . e' te per avere quei soldi .. pubblicitÃ ..pubblichiğŸ˜®,Negative
2023-12-14,Sfruttano noi poveri italiani .. detto tutto..basta nn sapere e' stare lontano da certi influenza ğŸ˜˜,Negative
2023-12-14,Esprimere un opinione personale non Ã¨ nulla di negativo,Neutral
2023-12-14,â¤ï¸â¤ï¸â¤ï¸â¤ï¸â¤ï¸,Positive
2023-12-14,E sti  CA....I  della bambina dolcissima?? Che I suoi non si possono toccare ma lei lucra su quelli degli  altri?? Troppo  comodo .. me ne strafrego della figlia,Negative
2023-12-14,Tu fatte I cazzi Tua io dice quello che me pare allora????,Negative
2023-12-14,Allora prima de tutto te chi c..o tha chiamato e poi .. idiota sto  parla in dialetto romano frustrata Sarai te che segui sta accattonağŸ˜‚ğŸ˜‚ğŸ˜‚ o meio Sarai piu accattona de lei,Negative
2023-12-14,Ohhh te ne devi annaaaaa ma che c...o voi da me a rincoionita,Negative
2023-12-14,Leggendo tutti i commenti leggo tutta la vostra ipocrisia primo l'abete osannata idolatrata l'avete portata in palmo di mano e adesso cari benpensanti cari politicamente tutto correttissimo cari radical chic cane brave persone che non sbagliate mai niente riversate tutta la vostra frustrazione contro una persona che comunque vada ha avuto una vita fantastica ha una vita fantastica continuerÃ  ad avere una vita fantastica un successo unico alla faccia vostra popolo Dio gli attori popolo di invidiosi e popolo di somari Un forte abbraccio a Chiara Ferragni,Negative
2023-12-14,â¤ï¸,Positive
2023-12-14,Ma chi commenta dicendo di non seguire piÃ¹ questo o quelloâ€¦ lui cosa sta facendo? Altra cosaâ€¦ ma poi Ã¨ necessario commentare tutto? Anche ciÃ² che non ti piace? Ma se non ti piace non seguirlo? Un buon tacere non fu mai scritto!!!,Negative
2023-12-14,"Chiara, ma la scelta di pubblicare solo storie e non post permanenti, Ã¨ dovuta al fatto che non vuoi che la gente commenti? Secondo me dovresti affrontare la situazione in altro modo.",Negative
2023-12-14,"get informed, she really did a horrible thing.",Negative
2023-12-14,.,Positive
2023-12-14,Profili falsi...complimenti...solo aviditÃ  tu e tuo marito,Negative
2023-12-14,Esatto,Neutral
2023-12-14,"Vi ricordo che state commentando in maniera violenta sotto il post di una bimba, poi in tribunale piangete. E i leoni da tastiera diventano barboncini",Negative
2023-12-14,"I commenti qui sotto sono vomitevoli, pensano tutti di essere migliori e invece...",Negative
2023-12-14,Bellissima,Positive
2023-12-14,ğŸ˜ğŸ˜ğŸ˜ğŸ˜,Positive
2023-12-14,"Purtroppo nessuno ti perdonerÃ  questo errore, io non so se ti rendi conto di come fai i soldi e dei pirla che ti seguono: non sei un buon esempio; non sai nemmeno parlare in italiano, impero fondato sul nulla",Negative
2023-12-14,âœ¨â¤ï¸,Positive
2023-12-14,â¤ï¸ gli invidiosi hanno trovato un pretesto,Negative
2023-12-14,Amoreeeeeee â¤ï¸,Positive
2023-12-14,San Vittore ti aspetta chiarÃ¨ ğŸ™Œ,Positive
2023-12-14,"Io credo che sia arrivata troppo in alto e ha fatto venire troppa gelosia a gente troppo stupita , io la stimo e ammiro ancora di piÃ¹ , quando iniziano a farti apparire come un mostro vuol dire che sei arrivata a far rosicare tutti . ğŸ‘",Positive
2023-12-14,â¤ï¸â¤ï¸,Positive
2023-12-14,â¤ï¸ğŸ˜,Positive
2023-12-14,"Il problema qui Ã¨ tutto tuo che non dai aria al cervello prima di darla alla bocca,  quelle come te sono boccalone e credono a tutto quello che sentono, la Ferragni finchÃ© non sarÃ  giudicata  dalla legge non puÃ² essere giudicata da persone senza cervello che vanno dietro come pecore agli stupidi invidiosi della sua fortuna.",Negative
2023-12-14,AvrÃ  sbagliato...ma state esagerando con questi commenti di merda. Siate superiori e invece di scrivere porcate togliete il follow e state zitti. Va bene dire il proprio pensiero ma c'Ã¨ modo e modo. Offendere una persona non vi fa nÃ© piÃ¹ grandi nÃ© piÃ¹ intelligenti. Un buon tacere non fu ma scritto ricordatevelo,Negative
2023-12-14,Vorrei poter vedere cosa hanno fatto di buono per la societÃ  tutte le persone che insultano pesantemente sotto ogni post di Chiara Ferragniâ€¦ e sopratutto vorrei vedere se queste persone non hanno mai fatto errori nella vita. VI piace proprio sfogare la vostra frustrazione sui socialâ€¦,Negative
2023-12-14,ğŸ˜ğŸ˜ğŸ˜,Positive
2023-12-14,Chi troppo vuole niente avrÃ  ğŸ˜µâ€ğŸ’«,Negative
2023-12-14,STUPENDA â™¥ï¸â™¥ï¸â™¥ï¸â™¥ï¸â™¥ï¸,Positive
2023-12-14,â¤ï¸ğŸ˜,Positive
2023-12-14,ğŸ˜,Positive
2023-12-14,Quello che faresti tu probabilmente!,Positive
2023-12-14,Leone Ã¨ un bel bambino! Ma Valentina Ã¨ di una simpatia stupenda!!ğŸ˜ğŸ˜,Positive
2023-12-14,Che amarezza,Negative
2023-12-14,Verissimo â¤ï¸,Positive
2023-12-14,ciao chiara â¤ï¸ğŸ˜ Andiamo dal parrucchiere con la ragazza? entrambi con la stessa acconciatura. Bellissimo.,Positive
2023-12-14,chiara ma la fede?,Positive
2023-12-14,â¤ï¸â¤ï¸â¤ï¸,Positive
2023-12-14,â¤,Positive
2023-12-14,Tutto questo odio sotto un post con dei bambini dove finirÃ  questo mondo....,Negative
2023-12-14,â¤ï¸â¤ï¸â¤ï¸â¤ï¸â¤ï¸,Positive
2023-12-18,Brava attrice,Positive
2023-12-18,"Vorrei vedere te, con una famiglia a carico e una sensibilitÃ  notevole a dover sentirti massacrata GIORNALMENTE da persone, giornalisti, media e governo! Per quanto una persona possa aver sbagliato (ed esiste la legge per rimediare, nessuno sa veramente comâ€™Ã¨ andata) Ã¨ ingiusto dover far fronte a tutto questo odio da soli.",Negative
2023-12-18,"Mucha fuerza ğŸ™ğŸ™ğŸ™ğŸ™ todo saldrÃ¡ bien ya verÃ¡s, las buenas intenciones Dios las premia â¤ï¸",Positive
2023-12-18,ğŸ¤¡,Positive
2023-12-18,"quanti moralisti sotto ai suoi post. capita a tutti di sbagliare e ci sono persone che commettono danni molto piÃ¹ grandi. non trattatela come se voi foste perfetti, almeno lei ha avuto il buon senso di scusarsi",Positive
2023-12-18,"Secondo me il piÃ¹ grosso errore che hai fatto , Ã¨ quello di non aver investito, una parte degli incassi in un bel paio di puppe . Con una terza , saresti perfetta.",Negative
2023-12-18,Stolen money new house. SO SAD!,Negative
2023-12-18,"Ha fatto benissimo. Alle persone che scrivono solo cose stupide e cattive che si credono perfetti! Non devâ€™essere data la possibilitÃ  di esprimersi.
P.S si scrivo male sono straniera.",Positive
2023-12-18,â¤ï¸,Positive
2023-12-18,Chiara io sarÃ² sempre con te..,Positive
2023-12-18,â¤ï¸,Positive
2023-12-18,Chiara in questo momento capisce gli adolescenti incolpati per la fame nel mondo dalle proprie madriğŸ˜‚ğŸ˜‚ğŸ˜‚ğŸ˜ğŸ˜ e basta romper i coglioni,Negative
2023-12-18,"Os seguÃ­a por los niÃ±os, me encantabais como familia. Siento decepciÃ³n total total y por eso dejo de seguiros, aprovecharos de niÃ±os enfermos... Bloqueais los comentarios, no hace falta decir nada mÃ¡s",Negative
2023-12-18,Por eso dejo de seguiros,Negative
2023-12-18,"Por cierto,  tampoco hace falta ostentar de esta manera, decepciÃ³n total, salud",Negative
2023-12-18,â¤ï¸,Positive
2023-12-18,"Chiara, keep being yourself and keeping Milan fashionable and Italian. Love you! Ti Amo.",Positive
2023-12-18,"Perdonami, quindi tu stai dicendo che DEVI ACCETTARE di ESSERE MASSACRATA? Ma vi siete bevuti il cervello! Nessuno mai dovrebbe sentirsi in dovere di essere massacrata. Io credo che nessuno a parte ambo le parti sanno REALMENTE comâ€™Ã¨ andata, il polverone mediatico a cui vi affidate ne ha altrettanto profitto, ci guadagna nellâ€™amplificare quanto successo. Dico solo che aldilÃ  di tutto dallâ€™altra parte câ€™Ã¨ una persona, che sicuramente ha sbagliato e ne pagherÃ  le conseguenze per un bel poâ€™, ma non per questo deve essere massacrato, lâ€™odio delle persone ha un impatto a livello celebrale incredibile, e potrebbe senzâ€™altro essere riversato sui bambini questo malessere. Ho solo detto che UMANAMENTE Ã¨ sbagliato massacrare una persona psicologicamente. Svegliatevi",Positive
2023-12-18,Ù…Ø³Ø§Ø¡ Ø§Ù„Ø®ÙŠØ± : ciao ğŸ˜ğŸ˜ğŸ˜ğŸ˜ğŸ˜ğŸ˜ğŸ˜ğŸ˜ğŸ˜ğŸ˜ğŸ˜ğŸ˜ğŸ˜ğŸ˜ğŸ˜ğŸ˜ğŸ˜ğŸ˜ğŸ˜ğŸ˜ğŸ˜ğŸ˜ğŸ˜ğŸ˜ğŸ˜,Positive
2023-12-18,Ma mica li leggono loro! Ha unâ€™agenzia che la sta seguendoâ€¦che se ci pensi Ã¨ ancora peggio! Super strategia proprio ğŸ˜‚,Negative
2023-12-18,"And itâ€˜s not only the backlash from the community but all the sponsors must be so angry and doing crisis management. Think of all the money they spent on ads with her. Lâ€™OrÃ©al, Nespressoâ€¦ I follow over ten years from her second post on tbs blog and as a long time follower I am so disappointed how she presented herself and how she handles this now. But who cares what your community thinks, when you can sleep on silk in your Villa at lake como right?",Negative
2023-12-18,â™¥ï¸,Positive
2023-12-18,Stai divorziando finalmente?,Positive
2023-12-18,â¤ï¸â¤ï¸â¤ï¸â¤ï¸,Positive
2023-12-18,â¤ï¸,Positive
2023-12-18,Ma per favore,Neutral
2023-12-18,Oooo Boni i panettoni eh,Neutral
2023-12-18,Distribuisci i soldi che hai fregato,Negative
2023-12-18,L uovo di pasqua Ã¨ giÃ  pronto?,Positive
2023-12-18,bugiarda  vai via  nn esci piu,Negative
2023-12-18,"The greed! 
It bothers me that you use your kids so much. Especially because it is sick kids you put below your enrichment. 
Unfollowing ğŸ˜¡",Negative
2023-12-18,â¤â¤â¤â¤ğŸŒŸğŸŒŸğŸŒŸğŸŒŸğŸ’ğŸ’ğŸ’ğŸ’,Positive
2023-12-18,Ridicola... Credi di poter continuare a prenderci in giro tutti... Prima pianti e ora che allegria... ğŸ¤”,Negative
2023-12-18,". L'impero  non crollerÃ   come un castello di  sabbia!!! Ecco perchÃ©  sono cosÃ¬  sereni!!! In Italia  poi si dimentica  tutto.. e tutto  tornerÃ   come  prima!! Il tapino  che non  paga le tasse forse perchÃ©  in difficoltÃ   ha famiglia  da mantenere e dato i tempi non arriva  a fine mese, bene costui verrÃ   perseguitato  fino  alla  resa",Negative
2023-12-18,"Si ci sono mamme, lavoratrici che NON riescono ad arrivare a METÃ€ mese e magari x fare del bene si sono tolti soldi x loro  Ã¨ stato un sacrificio",Negative
2023-12-18,â¤ï¸,Positive
2023-12-18,forza Chiaraâ¤ï¸â¤ï¸,Positive
2023-12-18,Well done ğŸ‘,Positive
2023-12-18,ğŸ©·ğŸ©·ğŸ©·,Positive
2023-12-18,â¤â¤â¤â¤â¤â¤brava,Positive
2023-12-18,Ú†ÛŒ Ù…ÛŒÚ¯Ù‡ ØŸØŸØŸ,Positive
2023-12-18,L' indagine non impedisce di parlare. Come vedi rilascia interviste.,Neutral
2023-12-18,"Un ondata di odio, ma a me mia madre non mi guarderebbe manco piÃ¹ in faccia dopo una cosa simile. Mi preoccuperei piÃ¹ di questo.",Negative
2023-12-18,No signal,Positive
2023-12-18,Un abbraccio!!!! ğŸ¥°,Positive
2023-12-18,,Positive
2023-12-18,â¤ï¸,Positive
2023-12-18,Peccato che hai capito anche questo video da un altra influenzer,Negative
2023-12-18,â¤ï¸ğŸ˜,Positive
2023-12-18,Mi dispiace moltissimo â¤ï¸,Positive
2023-12-18,Ok,Neutral
2023-12-18,ğŸ‘ğŸ‘ğŸ‘ğŸ‘ğŸ‘ğŸ‘ğŸ‘ğŸ‘ğŸ‘,Positive
2023-12-18,"Sei una donna in gamba, sei umana. Puoi errare quanto la vita capitare e pronto. Non resta triste neanche un secondo in piÃ¹ ! Auguri cara",Positive
2023-12-18,Todo el mundo comete errores. Pero no todo el mundo se disculpa y los subsana. Has dado la cara y has sido valiente,Positive
2023-12-18,"Triple price just for you to be more rich, not for the hospital, and you donâ€™t even say that you are SORRY. Why so greediness with money? 1m to collab with a cake? ğŸ˜¢",Negative
2023-12-18,Amen,Positive
2023-12-18,Amen,Positive
2023-12-18,â¤ï¸,Positive
2023-12-18,Sei forteâ¤ï¸,Positive
2023-12-18,Mi sembri piÃ¹ falsa dei tuoi  followers comprati,Negative
2023-12-18,â¤ï¸â¤ï¸â¤ï¸,Positive
2023-12-18,â¤ï¸â¤ï¸,Positive
2023-12-18,â¤ï¸ğŸ€âœŒï¸ğŸ€âœŒï¸ğŸ’¯,Positive
2024-03-04,TopğŸ’“ğŸ’“ğŸ’“,Positive
2024-03-04,â¤ï¸,Positive
2024-03-04,â¤â¤â¤,Positive
2024-03-04,â¤,Positive
2024-03-04,Brava.... Bravi...,Neutral
2024-03-04,â¤â¤,Positive
2024-03-04,"Ok noi abbiamo frainteso,ma cerca di ricompattare la tua famiglia,",Positive
2024-03-04,"Ho paura che anche il divorzio ,non finto,sia arrivato al momento giusto x lei...Fede mi dispiace ma tra qualche tempo starai meglio,ma si puÃ² vivere H24 sempre in presenza di mamma e sorelle",Positive
2024-03-04,Intervista elementare.,Positive
2024-03-04,â¤ï¸â¤ï¸â¤ï¸,Positive
2024-03-04,Coraggiosa? Non hai di certo fatto una bella figura con i tuoi silenzi imbarazzati. Potevate anche evitarvela. Non sei piÃ¹ chi credevamo che fossi.,Negative
2024-03-04,Sempre al tuo fianco chiara â¤ï¸â¤ï¸â¤ï¸â¤ï¸. Non sarai mai sola,Positive
2024-03-04,"Anche io,  la penso cosÃ¬ educati modi gentili",Positive
2024-03-04,ğŸ‘,Positive
2024-03-04,"Grande Chiara. Avanti fiera e non ti curare di loro. Sei una donna,e cercano sempre di affossare una donna di successo.",Positive
2024-03-04,Check storyğŸ’‹ğŸ’‹,Positive
2024-03-04,ğŸ¤£,Positive
2024-03-04,La comicitÃ  ti si addice,Positive
2024-03-04,BellissimağŸ¥°â™¥ï¸,Positive
2024-03-04,Mi dispiace perchÃ© sembravi una brava persona..ora non riesci piÃ¹ a parlare senza i tuoi esperti suggeritori..fraintesa? Chiudiamola qui. Sei figlia dei soldi e il tuo valore sarÃ  sempre in rapporto a quelli.,Negative
2024-03-04,"Chiara: "" passa e non ti curar di loro""",Positive
2024-03-04,â¤,Positive
2024-03-04,Meravigliosa âœ¨,Positive
2024-03-04,Viso D'Angelo,Neutral
2024-03-04,"L'era della comunicazione, ha rotto il cazzoğŸ‘‹",Negative
2024-03-04,Mha,Positive
2024-03-04,Vedremo quando scatenerÃ  la guerra vedremo che cazzo di tempo libero troverete ğŸ‘ğŸ‘,Negative
2024-03-04,ğŸ™Œâ¤,Positive
2024-03-04,ğŸ”¥ğŸ”¥ğŸ˜ğŸ˜ğŸ˜ğŸ˜,Positive
2024-03-04,Un Fazio... fazioso ğŸ˜‚,Negative
2024-03-04,New things are ready for youğŸ’œğŸŒ¹,Positive
2024-03-04,"Beh io la continuo a seguire, Ã¨ stata messa alla gogna, sinceramente in Italia accadono fatti piÃ¹ gravi, ricordatevi tutti che Ã¨ una persona Donna e Mamma, Ã¨ un essere umano che puÃ² sbagliare, nessuno Ã¨ perfetto, saranno le sedi oppurtune a Giudicare, quanta cattiveria leggo mamma mia!!! Se non vi piace toglietele il follow, e basta con sta gogna mediatica",Neutral
2024-03-04,ğŸ˜ğŸ˜ğŸ˜ğŸ˜ğŸ˜,Positive
2024-03-04,Bugiarda,Negative
2024-03-04,"Brava chiara , ti Amiamoâ¤ï¸",Positive
2024-03-04,Bellissima,Positive
2024-03-04,â¤,Positive
2024-03-04,ğŸ˜ğŸ˜ğŸ˜,Positive
2024-03-04,â¤ï¸,Positive
2024-03-04,ğŸ™Œâ¤â¤,Positive
2024-03-04,ğŸ˜,Positive
2024-03-04,Hello,Positive
2024-03-04,Buongiorno cara Amica sei bellissima sexy ğŸ˜®ğŸ˜,Positive
2024-03-04,Sei grande siete una bellissima famiglia,Positive
2024-03-04,Madona retorno,Positive
2024-03-04,"Forza Chiara, vai avanti, sei una ragazza in gamba, ti vedo sciupata occupati di te stessa. Se lui non capisce lascialo andare, Ã¨ un buzurro, ha messo se stesso avanti a tutto come sempre fanno gli uomini. Se c'Ã¨ ancora sentimento datevi una possibilitÃ .",Positive
2024-03-04,ğŸ˜ğŸ˜,Positive
2024-03-04,"Ma chi sei, cit chiara",Positive
2024-03-04,Fraintenderz,Negative
2024-03-04,Beautiful eyesğŸ˜,Positive
2024-03-04,Stupenda  sempreâ¤ï¸â¤ï¸â¤ï¸,Positive
2024-03-04,"Brava Chiara â¤ï¸hai detto una cosa importantissima "" vivere il presente"" sai quante volte il ricordo Ã¨ stato piÃ¹ dolce e piacevole del momento mai profondamente assaporato e vissuto !!! Verissimo mi sono ritrovata a fare la stessa constatazione negli ultimi anni ğŸ˜come te corro pensando sempre al futuro perdendomi il presente solo quando un evento mi costringe a fermarmi me ne rendo conto !!! Facciamo tesoro di questo !!! Nn Ã¨ mai tardi per cambiare le cose !! Tu poi piÃ¹ di chiunque altro puÃ² farlo ...sei cosÃ¬ giovane e talentuosa ğŸ’–ma soprattutto hai giÃ  tutto quello che ti serve per dedicarti con serenitÃ  ai rapporti umani che sono poi in fondo l'unica cosa che conta ...quello che ci porteremo dentro per tutta la vita !! Sono certa che tutto si aggiusterÃ  â™¥ï¸esistono cose peggiori !!! E tornerai a brillare ma occupati e preoccupati  sempre di te stessa perchÃ© a questa cosa nn ci pensa nessuno (o forse se sei fortunata avrai l'affetto della famiglia da cui provieni e quella che hai creato ) Ecco giÃ  questa Ã¨ una cosa per cui occorre investire molto e molta energia !!!!! Ma credimi la vale tutta !!! Sei giÃ  sulla buona strada auguro a te ciÃ² che auguro a me stessa !!! La contezza di dare prioritÃ  alle mie prioritÃ  e di vivere intensamente ogni singolo giorno assaporando fino in fondo tutto ciÃ² che ha da offrirmi !!! E poi inspirare sempre profondamente lascia entrare l'aria buona e butta via quella cattiva â™¥ï¸un abbraccio stella ğŸŒŸ",Positive
2024-03-04,You look a bit like Madonna,Neutral
2024-03-04,Ma solo a me sembra rinata la Ferragni da quando si sta separando?,Positive
2024-03-04,ğŸ˜ğŸ˜ğŸ˜ğŸ˜ğŸ˜,Positive
2024-03-04,FigonaaağŸ”¥,Positive
2024-03-04,â¤â¤â¤â¤â¤â¤,Positive
2024-03-04,"Sei stupenda e sai commuoverti,spero che mi concederai udienza a Milano,mi farebbe davvero piacere conoscerti..ğŸ”¥",Positive
2024-03-04,Beautiful ğŸŒ¹,Positive
2024-03-04,â¤ï¸,Positive
2024-03-04,Sei cosÃ¬ fragile....,Negative
2024-03-04,Awesome actriceğŸ˜ğŸ‘,Positive
2024-03-04,Una non intervista!,Neutral
2024-03-04,â¤ï¸â¤ï¸â¤ï¸,Positive
2024-03-04,ğŸ˜â¤,Positive
2024-03-04,ğŸ”¥ğŸ”¥,Positive
2024-03-04,ğŸ”¥ğŸ”¥ğŸ”¥,Positive
2024-03-04,ğŸ”¥ğŸ”¥,Neutral
2024-03-04,Ciao cara cosa fai ğŸ˜mi segui?,Positive
2024-03-04,â¤,Positive
2024-03-04,ğŸ˜,Positive
2024-03-04,â¤ï¸â¤ï¸â¤ï¸â¤ï¸,Positive
2024-03-04,Hai qualcosa do Madonna nello sguardo,Positive
2024-03-04,Bellissima ğŸ˜ğŸ˜,Positive
2024-03-04,â¤ï¸â¤ï¸ğŸ™Œ,Positive
2024-03-04,Mi dispiace che non cia sia l'uovo di Chiara questa Pasqua. Lo avrei comprato volentieri. Con o senza fraintendimenti â¤ï¸,Neutral
2024-03-04,Bellisima,Positive
2024-03-04,"Chiara, hai qualcosa da dichiarare ?""Quest'estate  sono single """,Positive
2024-03-04,Bellissima la pettinatura ğŸ˜,Positive
2024-03-04,This comment isnâ€™t aging well ğŸ˜‚ I guess you donâ€™t know everything,Negative
2024-03-04,can anybody translate to english?,Positive
2024-03-17,Senza fedez..nn Ã¨ la stessa cosa..ğŸ˜‚,Negative
2024-03-17,Quando ci fidanziamo ğŸ”¥,Positive
2024-03-17,Ormai si Ã¨ rotto l' incantesimo,Negative
2024-03-17,"Brava Chiara,  sempre a testa alta! â¤ğŸ¤—",Positive
2024-03-17,ğŸ’›ğŸ’›ğŸ’›ğŸ˜œ,Positive
2024-03-17,Chissa quanto bene le vuole Leone a quel bimbo lo vedo spesso con loro ovunque ğŸ˜,Positive
2024-03-17,Belliiâ¤ï¸,Positive
2024-03-17,Mai a fare....,Positive
2024-03-17,"Bellissimi  Che Bello Vedervi Felici ..... Nella Natura Cogliete Tutte le sensazioni , i  profumi ,  i Suoni ,  la natura Ã¨ Fantastica  dopo Salite Sopra a Cespedosio  e guardate giÃ¹ il Ferdy. Fantastico.  Vi Voglio Bene ......aaaaaaa PapÃ .",Positive
2024-03-17,Il coniglietto!!! Le treccine!!! ğŸ˜ tutto bello! â¤,Positive
2024-03-17,â¤,Positive
2024-03-17,"La vita continua â€¦. nel bello e nel brutto ! Comâ€™Ã¨ giusto che sia. CiÃ² che accade serve a far riflettere e sopratutto a non commetterpiÃ¹ gli errori fatti ! Le esperienze negative , gli errori servono a far diventare persone migliori!",Positive
2024-03-17,Finalmente hai di nuovo questa splendida luce negli occhi ğŸ˜,Positive
2024-03-17,"Non deve essere facile riuscire a dare serenitÃ  ai bambini e a te stessa in questo momento. Quindi, brava â¤ï¸",Positive
2024-03-17,Ciao Chiara col profilo fake,Negative
2024-03-17,Che commento del piffero ....,Neutral
2024-03-17,Ti ho solo salutata!! Mo capisco tante cose ğŸ¤¦â€â™€ï¸,Neutral
2024-03-17,"Mamma mia.... Sicuramente piÃ¹ di te,visto il casino che hai fatto. A no,vero, Ã¨ stato un errore di comunicazione!!! Mi sa che non fa x te saper comunicare...",Negative
2024-03-17,â¤ï¸â¤ï¸â¤ï¸â¤ï¸â¤ï¸â¤ï¸,Positive
2024-03-17,Alla faccia di tutti quelli che pensavano non avesse messo foto del viso dei bambini al compleanno di Leone per chissÃ   quale motivo ğŸ˜‚.,Positive
2024-03-17,ğŸ”¥,Positive
2024-03-17,ğŸ”¥,Positive
2024-03-17,â¤ï¸,Positive
2024-03-17,â¤ï¸â¤ï¸â¤ï¸â¤ï¸â¤ï¸â¤ï¸,Positive
2024-03-17,Cari ğŸ˜,Positive
2024-03-17,Siete bellissimi e amorevoli â¤ï¸â¤ï¸â¤ï¸ğŸ‘ğŸ‘ğŸ‘,Positive
2024-03-17,"Un passo dopo l'altro, un piccolo traguardo quotidiano dopo l'altro...ce la farai, ce la farete!â¤ï¸",Positive
2024-03-17,Nella vita si puÃ² sbagliare. Sicuramente Ã¨ capitato a chiunque di fare scelte sbagliate. Tutti perfetti? Uhm,Positive
2024-03-17,Quando ferdy era un agriturismo x comuni mortali,Neutral
2024-03-17,ğŸ˜â¤,Positive
2024-03-17,Ciao Chiara ğŸ˜ğŸ˜ğŸ˜ğŸ˜ğŸ˜,Positive
2024-03-17,â¤ï¸â¤ï¸ğŸ‘,Positive
2024-03-17,ğŸ©µğŸ€ğŸ©µğŸ€ğŸ©µğŸ€ğŸ©µğŸ€,Positive
2024-03-17,"No, ma questa che fino a qualche tempo fa aveva disattivato tutti i commenti e ora non solo li ha riattivati, ma risponde anche? Come se gliene importasse qualcosa? Ammesso che sia lei ovviamente, io non ci credo tanto.. Ma sento la presa per i fondelli grande cosÃ¬ ğŸ˜‚",Negative
2024-03-17,Sorridere alla vitağŸ‘siete stupendiğŸ¤©,Positive
2024-03-17,Manc te ne vai,Negative
2024-03-17,"Meriti serenitÃ  e felicitÃ â˜ºâœ¨ i figli sono un toccasana per il cuore che soffre... Loro sono la CURA di tutti i mali di noi mammeğŸ˜Complimenti Chiara, step by step ne uscirete tutti piÃ¹ forti e migliori... Il Ferdy luogo meraviglioso",Positive
2024-03-17,why people are so mean?? maybe they are jealous???ğŸ¤”,Positive
2024-03-17,Ancora,Positive
2024-03-17,â¤ï¸â¤ï¸â¤ï¸â¤ï¸â¤ï¸,Positive
2024-03-17,Chiara io credo che tu sia una persona perbene. Sii forte e continua ad essere la migliore ğŸ’ªğŸ»,Positive
2024-03-17,Siete bellissimi ğŸ’™ğŸ’–vi adoro,Positive
2024-03-17,Per me..Ã¨ solo una bellissima imprenditrice..ed una mamma dolcissima ğŸ‘ğŸ‘..non capisco tutta questa malignitÃ ..tutti sbagliano..,Positive
2024-03-17,â¤ï¸,Positive
2024-03-17,ğŸ˜,Positive
2024-03-17,Quindi qui ok la foto del viso dei bimbi,Neutral
2024-03-17,Ma non aveva detto che nn poteva piÃ¹ mostrare i volti dei figli?,Negative
2024-03-17,Bellissimi/eğŸ’ªâœŒï¸,Positive
2024-03-17,"Attendo i commenti tipo ""i bambini non sono piÃ¹ di spalle!"" ...... attendo.......",Positive
2024-03-17,Il nullağŸ¤®,Negative
2024-03-17,La giacca di Leo non mi piace per niente ..,Negative
2024-03-17,Bella la giacca da corsağŸ¤©,Positive
2024-03-17,Vergognati,Negative
2024-03-17,Siete bellissimi â¤ï¸,Positive
2024-03-17,Veramente interessante ğŸ˜‚,Positive
2024-03-17,Brava Chiara i tuoi figli sono la tua forza â¤ï¸,Positive
2024-03-17,"Bellissimi,â¤ï¸",Positive
2024-03-17,"Da noi si diceâ€¦ si chiude una porta e si APRE un portone. Vedrai, ti basteranno solo loro â¤ğŸ™ŒğŸ”¥",Positive
2024-03-17,ğŸ˜ğŸ˜love u,Positive
2024-03-17,Complimenti Bellissimaâ¤ï¸ğŸ˜®â¤ï¸ E BELLE,Positive
2024-03-17,"PerchÃ© la forza la si trova anche quando credi di non averne piÃ¹,il potere dei figli....â¤ï¸",Positive
2024-03-17,"Eh no ciÃ²,le foto dei figli bisogna farle di schiena,dovevi girare il culo del cavallo. ğŸ˜…",Negative
2024-03-17,Si vedono dinuovo i volti?,Neutral
2024-03-17,Yeayyy,Positive
2024-03-17,Che brutto vedervi in 3....ğŸ˜¢,Negative
2024-03-17,Finalmente le facce â¤â¤â¤,Positive
2024-03-17,Ma scherziamo??? Fai subito girare i tuoi figli a comando!!!,Negative
2024-03-17,Ma quindi tutte cazzate che in separazione non si possono postare foto dei figliğŸ¤”ğŸ¤”,Negative
2024-03-17,ğŸ˜ğŸ˜ğŸ˜ğŸ˜ğŸ˜,Positive
2024-03-23,"Prima li pagavano per far vedere i figli, adesso. Non piÃ¹ forse per questo non li fanno vedere",Negative
2024-03-23,â¤ï¸â¤ï¸â¤ï¸,Positive
2024-03-23,Auguri di buon vittoria,Positive
2024-03-23,Auguri ğŸ‚,Positive
2024-03-23,Auguri Vittoria â¤ï¸,Positive
2024-03-23,â¤ï¸â¤ï¸â¤ï¸â¤ï¸buon compleanno piccolağŸ‚ğŸ¥³ğŸ¥³ğŸ¥³ğŸ¥³ğŸ˜˜,Positive
2024-03-23,Ggg,Positive
2024-03-23,ğŸ˜ğŸ˜ğŸ˜â¤ï¸â¤ï¸ğŸ˜˜ğŸ˜—ğŸ˜—ğŸ˜—ğŸ˜š,Positive
2024-03-23,ğŸ‰ğŸ‰ğŸ‰,Positive
2024-03-23,ğŸ‘ Tantissimi Auguroni a Mamma e Figlia â¤ï¸,Positive
2024-03-23,Tanti cari auguri Vittoria ğŸ¥°,Positive
2024-03-23,Auguri piccolina buon compleanno â¤ï¸,Positive
2024-03-23,Auguri tesoro â¤ï¸â¤ï¸,Positive
2024-03-23,â¤ï¸â¤ï¸â¤ï¸Auguri,Positive
2024-03-23,Augurissimi bimba bellissima,Neutral
2024-03-23,Auguri,Positive
2024-03-23,Auguri dÃ¬ cuore e tutto quello che vorreste per voi . SerenitÃ  e felicitÃ ,Positive
2024-03-23,Tanti auguri piccola Vittoria ğŸ¥³â¤ï¸ğŸ¥°,Positive
2024-03-23,Tantissimi auguri amore â¤ï¸,Positive
2024-03-23,Bellissimeâ¤ï¸,Positive
2024-03-23,Auguri alla piccolağŸ¥³ğŸ¥³ğŸ¥³ğŸ¥³â¤ï¸,Positive
2024-03-23,Tantissimi Auguri â¤ï¸,Positive
2024-03-23,"Tira per vincere 300â‚¬
s0ekth SHEIN",Positive
2024-03-23,Auguri Vittoria ğŸ˜˜,Positive
2024-03-23,ğŸ˜‚ğŸ˜‚ğŸ˜‚,Positive
2024-03-23,ğŸ’©ğŸ’©ğŸ’©ğŸ’©ğŸ’©ğŸ’©ğŸ’©ğŸ’©ğŸ’©ğŸ’©ğŸ’©ğŸ’©ğŸ’©ğŸ’©ğŸ’©ğŸ’©,Negative
2024-03-23,Happy birthday ~ğŸ˜ğŸ¥³ğŸ‚,Positive
2024-03-23,Chiara ci spieghi questo cambio rotta?? Foto dei piccoli solo di spalle?? Siamo abituati a vederli sorridere con voiâ€¦ non capiamo questo invece tuo nuovo modo di fare,Negative
2024-03-23,Auguri  Vittoria â¤ï¸â¤ï¸â¤ï¸,Positive
2024-03-23,â¤ï¸â¤ï¸â¤ï¸â¤ï¸â¤ï¸â¤ï¸â¤ï¸,Positive
2024-03-23,Bellissime tanti auguri a la bellissima Vitoria,Positive
2024-03-23,"Fedez ha detto che non vuole che fa vedere i figli, informati prima di parlare. In caso di divorzio in corso  puÃ² succedere. Ma se lei vuole mostrare i figli di spalle che cazzo ti importa",Neutral
2024-03-23,Auguriâ¤ï¸,Positive
2024-03-23,PRECIOUSâ¤ï¸,Positive
2024-03-23,beliii,Positive
2024-03-23,"No Chiara vorrebbe far vedere ai figli Ã¨ Fedez che impone il contrario, evidentemente non ti sei informata bene evidentemente non ti sei informata evidentemente non ti sei informata bene.  Io non prendo a cuore la loro vicenda, ho detto che perÃ²  deve imparare a farsi i cavoli propri, perchÃ© se fossi tu al loro posto non pensa di farebbe piacere ricevere commenti sulla tua vita privata.",Negative
2024-03-23,Ma basta! Auguri a Vittoria povera ed inconsapevole figura di questa pantomima,Negative
2024-03-23,Auguriiiii,Positive
2024-03-23,A chi la lancia la torta ğŸ°?,Positive
2024-03-23,"Come se lei non avesse mai detto cazzo su signora mia, mica ho insultato la sua persona, ho solo detto di farsi gli affari suoi",Neutral
2024-03-23,Ich mag dich und deine Familie so sehr auch ihren Mann. Social Media und das hardcore Arbeiten hat alles kaputt gemacht. Du hattest alles und du konntest nicht aufhÃ¶ren. Alles Liebe fÃ¼r dich â¤,Positive
2024-03-23,So sweet your kid,Positive
2024-03-23,Augurissimi principessağŸ©·ğŸ©·ğŸ©·ğŸ©·,Positive
2024-03-23,Auguri a questa bimba meravigliosa â¤ï¸,Positive
2024-03-23,Auguri â¤ï¸â¤ï¸,Positive
2024-03-23,Auguri vittoria,Positive
2024-03-23,Tanti auguroni,Positive
2024-03-23,â¤ï¸,Positive
2024-03-23,Auguri â¤ï¸,Positive
2024-03-23,Auguroni Vittoria ğŸ‚ğŸ‰ğŸ¥³,Positive
2024-03-23,AUGURI â¤ï¸,Positive
2024-03-23,Tantissimi auguroni ğŸ˜,Positive
2024-03-23,â¤ï¸Auguriiiiii piccolinağŸ‚ğŸ¥³ğŸ‰ğŸŠğŸˆ,Positive
2024-03-23,â¤â¤â¤â¤â¤,Positive
2024-03-23,Augurissimi â¤ï¸ğŸ€,Positive
2024-03-23,A chi si pone la domanda perchÃ© non fa piÃ¹ vedere i figli sappia che la sua non Ã¨ una scelta ma un imposizione da parte della legge perchÃ© quel bastardo figlio di puttana di Fedez l ha diffidata dal farlo. Quindi non prendetevela con lei ma con quel coglione bastardo narcisista del suo ex. Per chi avesse X consiglio di andare a vedere il profilo della criminologa Roberta Bruzzone e di cercare il video in cui parla di Fedez. E vi posso garantire che le ha azzeccate tutte soprattutto quando dice che Ã¨ un narcisista patologico che ha sposato Chiara solo per immagine pubblica e per soldi.,Negative
2024-03-23,https://twitter.com/RobertaBruzzone/status/1760714141906395151?t=vi6q3wmeDYoqJpS16Xn97A&s=19,Positive
2024-03-23,â¤ï¸â¤ï¸,Positive
2024-03-23,Auguri ğŸ‚â¤ï¸ğŸ˜˜ğŸ¤—ğŸ¥³alla piccola e bellissima  vittoria,Positive
2024-03-23,Auguri,Positive
2024-03-23,â¤ï¸,Positive
2024-03-23,"Non capisco, perchÃ© continuate a mettere i contenuti data la situazione.  Non sarebbe meglio staccare per un pÃ²?  Non sono ne una fan, ne una hater, ma mi dispiace vedere una mamma di due bambini innocenti ad affondare e dover leggere tante cose brutte sulla sua persona di persone insignificanti. Una pausa dagli social e pulizia dei followers dovreste fare, non a creare continui contenuti dove puÃ² commentare chiunque. La Chiara non ha finito, ma deve ripartire in modo migliore, non cercando di tenere a gala la barca bucata.",Negative
2024-03-23,Happy birthdayâ¤â¤,Positive
2024-03-23,â¤,Positive
2024-03-23,Amore vitto quanto cresci e diventi bella come la mamma â™¥ï¸,Positive
2024-03-23,Auguri piccina bella ğŸ’•ğŸ¤©,Positive
2024-03-23,Io vorrei vedere quanti genitori modello ci sono qui che hanno da insegnare agli altri....mah,Neutral
2024-03-23,â¤ï¸ auguri piccola,Positive
2024-03-23,Aguri â¤ï¸â¤ï¸â¤ï¸,Positive
2024-03-23,Auguri vittoğŸŠğŸŠğŸŠğŸ‚ğŸ£,Positive
2024-03-23,â¤ï¸â¤ï¸â¤ï¸â¤ï¸â¤ï¸â¤ï¸ğŸ‘,Positive
2024-03-23,Auguri Principessa ğŸ’–ğŸ’–ğŸ€ğŸ€,Positive
2024-03-23,Commossa io ğŸ˜­ğŸ˜­ğŸ‘,Positive
2024-03-23,Tantissimi auguri di compleanno,Positive
2024-03-23,Happy birthday to you,Positive
2024-03-23,Auguri reginetta bella,Positive
2024-03-23,Chiara mostra il volto dei tuoi figli. Ce bastağŸ˜¡,Negative
2024-03-23,Stai esagerando!!!!!,Negative
2024-03-23,Auguri alla piccola âœŒ,Positive
2024-03-23,are getting a divorce,Positive
2024-03-23,ğŸ˜ğŸ˜ğŸ˜ğŸ˜ğŸ˜ğŸ˜,Positive
2024-03-23,Auguri ğŸ‚â¤ï¸,Positive
2024-03-23,"Quanto mi dispiace vedere tutto questo odio verso te, i bambini e Fedez. La cattiveria o invidia non ha mai fine ğŸ’”",Negative
2024-03-23,Dov'Ã¨ Paloma!!!,Positive
